<?xml version="1.0" encoding="UTF-8"?>
<project-private xmlns="http://www.netbeans.org/ns/project-private/1">
    <editor-bookmarks xmlns="http://www.netbeans.org/ns/editor-bookmarks/2" lastBookmarkId="0"/>
    <open-files xmlns="http://www.netbeans.org/ns/projectui-open-files/2">
        <group>
            <file>file:/Users/JohnSmith/GitHub/allCourses/intro%20to%20programming/assignment2/src/q3.java</file>
            <file>file:/Users/JohnSmith/GitHub/allCourses/intro%20to%20programming/assignment2/src/q4.java</file>
            <file>file:/Users/JohnSmith/GitHub/allCourses/intro%20to%20programming/assignment2/src/q2.java</file>
            <file>file:/Users/JohnSmith/GitHub/allCourses/intro%20to%20programming/assignment2/src/q5.java</file>
            <file>file:/Users/JohnSmith/GitHub/allCourses/intro%20to%20programming/assignment2/nbproject/project.properties</file>
            <file>file:/Users/JohnSmith/GitHub/allCourses/intro%20to%20programming/assignment2/src/q6.java</file>
            <file>file:/Users/JohnSmith/GitHub/allCourses/intro%20to%20programming/assignment2/src/q1.java</file>
        </group>
    </open-files>
</project-private>
